{"stats":{"minecraft:mined":{"minecraft:grass":1},"minecraft:killed_by":{"minecraft:spider":1},"minecraft:custom":{"minecraft:jump":417,"minecraft:open_chest":1,"minecraft:time_since_rest":4209,"minecraft:damage_dealt":30,"minecraft:damage_taken":230,"minecraft:leave_game":9,"minecraft:play_time":17938,"minecraft:sprint_one_cm":31481,"minecraft:time_since_death":6608,"minecraft:walk_one_cm":29727,"minecraft:deaths":1,"minecraft:total_world_time":17938,"minecraft:fly_one_cm":138542,"minecraft:fall_one_cm":3948}},"DataVersion":3120}