{"stats":{"minecraft:custom":{"minecraft:jump":109,"minecraft:time_since_rest":2419,"minecraft:leave_game":1,"minecraft:damage_dealt":200,"tombstone:undead_killed":1,"minecraft:damage_taken":120,"minecraft:sprint_one_cm":15780,"minecraft:play_time":2419,"minecraft:time_since_death":2419,"minecraft:walk_one_cm":1847,"minecraft:total_world_time":2419,"minecraft:mob_kills":1,"minecraft:fall_one_cm":2148,"minecraft:fly_one_cm":30571},"minecraft:mined":{"minecraft:grass":1,"minecraft:poppy":1,"minecraft:fern":6},"minecraft:killed":{"minecraft:skeleton":1},"minecraft:picked_up":{"minecraft:arrow":2,"minecraft:wheat_seeds":1}},"DataVersion":3120}