{
  "biomesoplenty:biomesoplenty/root": {
    "criteria": {
      "tundra": "2024-07-24 00:04:42 +0000"
    },
    "done": true
  },
  "minecraft:recipes/decorations/chain": {
    "criteria": {
      "has_iron_nugget": "2024-07-24 00:04:43 +0000"
    },
    "done": true
  },
  "tombstone:adventure/root": {
    "criteria": {
      "auto": "2024-07-23 23:56:51 +0000"
    },
    "done": true
  },
  "minecraft:recipes/misc/gold_nugget_from_smelting": {
    "criteria": {
      "has_golden_pickaxe": "2024-07-24 00:04:47 +0000"
    },
    "done": true
  },
  "tombstone:adventure/first_grave": {
    "criteria": {
      "coded_trigger": "2024-07-24 00:10:49 +0000"
    },
    "done": true
  },
  "minecraft:recipes/misc/iron_ingot_from_nuggets": {
    "criteria": {
      "has_iron_nugget": "2024-07-24 00:04:43 +0000"
    },
    "done": true
  },
  "tombstone:recipes/from_grave_key": {
    "criteria": {
      "has_ingredient": "2024-07-24 00:10:51 +0000"
    },
    "done": true
  },
  "biomesoplenty:biomesoplenty/all_biomes": {
    "criteria": {
      "muskeg": "2024-07-24 00:04:53 +0000",
      "old_growth_dead_forest": "2024-07-24 00:07:03 +0000",
      "snowy_coniferous_forest": "2024-07-24 00:10:49 +0000",
      "snowy_fir_clearing": "2024-07-24 00:10:31 +0000",
      "tundra": "2024-07-24 00:04:42 +0000",
      "snowy_maple_woods": "2024-07-24 00:05:28 +0000"
    },
    "done": false
  },
  "minecraft:recipes/decorations/lantern": {
    "criteria": {
      "has_iron_nugget": "2024-07-24 00:04:43 +0000"
    },
    "done": true
  },
  "minecraft:adventure/root": {
    "criteria": {
      "killed_by_something": "2024-07-24 00:10:49 +0000"
    },
    "done": true
  },
  "tombstone:adventure/create_magic_scroll": {
    "criteria": {
      "has_magic_scroll": "2024-07-24 00:04:45 +0000"
    },
    "done": true
  },
  "minecraft:recipes/misc/gold_nugget_from_blasting": {
    "criteria": {
      "has_golden_pickaxe": "2024-07-24 00:04:47 +0000"
    },
    "done": true
  },
  "minecraft:adventure/adventuring_time": {
    "criteria": {
      "minecraft:frozen_river": "2024-07-24 00:04:14 +0000",
      "minecraft:snowy_plains": "2024-07-24 00:04:09 +0000",
      "minecraft:snowy_taiga": "2024-07-24 00:05:16 +0000",
      "minecraft:ice_spikes": "2024-07-23 23:56:51 +0000",
      "minecraft:frozen_ocean": "2024-07-24 00:12:02 +0000",
      "minecraft:windswept_forest": "2024-07-24 00:05:35 +0000",
      "minecraft:snowy_beach": "2024-07-24 00:04:12 +0000"
    },
    "done": false
  },
  "DataVersion": 3120
}